Activity Type,Date,Favorite,Title,Distance,Calories,Time,Avg HR,Max HR,Avg Run Cadence,Max Run Cadence,Avg Pace,Best Pace,Total Ascent,Total Descent,Avg Stride Length,Training Stress Score®,Steps,Decompression,Best Lap Time,Number of Laps,Avg Resp,Min Resp,Max Resp,Stress Change,Stress Start,Stress End,Avg Stress,Max Stress,Moving Time,Elapsed Time,Min Elevation,Max Elevation
Running,2025-05-07 17:51:29,false,"Ecatepec de Morelos Running","4.01","312","00:26:05","146","157","162","167","6:30","5:58","20","19","0.95","0.0","4,220","No","00:00:04.0","5","--","--","--","--","--","--","--","--","00:26:04","00:26:05","2,229","2,241"
Running,2025-05-06 07:09:08,false,"Ecatepec de Morelos Running","4.15","316","00:26:46","145","156","166","172","6:27","5:40","15","12","0.93","0.0","4,442","No","00:01:00.6","5","--","--","--","--","--","--","--","--","00:26:39","00:26:46","2,225","2,235"
Running,2025-05-05 07:22:52,false,"Ecatepec de Morelos - Series 4, 4, 3, 2","8.49","632","00:53:04","152","185","157","190","6:15","3:46","28","27","1.00","0.0","8,432","No","00:00:02.6","16","--","--","--","--","--","--","--","--","00:52:45","00:53:04","2,225","2,235"
Running,2025-05-04 06:38:41,false,"Cuauhtémoc Running","5.02","362","00:27:38","163","181","169","244","5:30","4:29","36","40","1.07","0.0","4,664","No","00:00:05.0","6","--","--","--","--","--","--","--","--","00:27:37","00:27:38","2,237","2,277"
Running,2025-05-03 07:02:08,false,"Ecatepec de Morelos Running","4.21","320","00:27:01","145","158","165","171","6:25","5:07","9","8","0.95","0.0","4,454","No","00:01:24.9","5","--","--","--","--","--","--","--","--","00:26:59","00:27:01","2,225","2,236"
Running,2025-05-02 07:23:55,false,"Ecatepec de Morelos Running","4.16","315","00:27:16","143","156","165","171","6:33","5:45","20","18","0.93","0.0","4,482","No","00:01:03.1","5","--","--","--","--","--","--","--","--","00:27:10","00:27:16","2,225","2,235"
Running,2025-05-01 07:16:06,false,"Ecatepec de Morelos Running","4.17","308","00:27:00","143","160","165","169","6:28","5:51","7","7","0.94","0.0","4,438","No","00:01:09.4","5","--","--","--","--","--","--","--","--","00:26:58","00:27:00","2,225","2,235"
Running,2025-04-27 07:28:30,false,"Ecatepec de Morelos Running","9.24","674","01:00:03","144","156","168","198","6:30","4:08","28","26","0.92","0.0","10,052","No","00:01:28.8","10","--","--","--","--","--","--","--","--","00:59:56","01:00:03","2,225","2,236"
Running,2025-04-26 07:35:04,false,"Ecatepec de Morelos - Series a umbral","8.80","635","00:54:21","149","177","160","183","6:11","4:19","36","36","0.99","0.0","8,878","No","00:00:01.5","14","--","--","--","--","--","--","--","--","00:53:43","00:54:21","2,225","2,235"
Running,2025-04-25 07:01:25,false,"Ecatepec de Morelos Running","3.66","276","00:23:29","144","155","165","172","6:24","6:03","21","20","0.95","0.0","3,894","No","00:04:17.8","4","--","--","--","--","--","--","--","--","00:23:28","00:23:29","2,226","2,235"
Running,2025-04-24 07:21:21,false,"Ecatepec de Morelos Running","3.92","298","00:26:11","140","157","163","173","6:41","6:10","13","12","0.92","0.0","4,280","No","00:05:58.3","4","--","--","--","--","--","--","--","--","00:26:04","00:26:11","2,225","2,241"
Running,2025-04-22 07:35:39,false,"Ecatepec de Morelos - Series 4, 3, 2, 2","7.52","577","00:50:01","150","179","152","191","6:39","3:43","10","10","0.97","0.0","7,730","No","00:00:01.1","15","--","--","--","--","--","--","--","--","00:47:56","00:50:01","2,225","2,235"
Running,2025-04-17 07:08:05,false,"Ecatepec de Morelos - Series a umbral","8.83","657","00:54:36","154","179","162","204","6:11","4:20","29","28","0.99","0.0","8,982","No","00:00:02.4","14","--","--","--","--","--","--","--","--","00:53:45","00:54:36","2,225","2,236"
Running,2025-04-16 07:15:45,false,"Ecatepec de Morelos Running","4.73","353","00:30:04","141","155","168","174","6:21","6:00","30","30","0.94","0.0","5,054","No","00:04:40.4","5","--","--","--","--","--","--","--","--","00:30:03","00:30:04","2,229","2,242"
Running,2025-04-15 07:03:39,false,"Ecatepec de Morelos Running","4.67","358","00:30:17","144","161","167","175","6:29","5:34","17","18","0.92","0.0","5,082","No","00:04:21.7","5","--","--","--","--","--","--","--","--","00:30:14","00:30:17","2,225","2,236"
Running,2025-04-14 07:11:41,false,"Ecatepec de Morelos Running","2.30","166","00:11:29","157","179","171","177","5:00","4:38","4","2","1.17","0.0","1,964","No","00:01:22.2","3","--","--","--","--","--","--","--","--","00:11:24","00:11:29","2,225","2,236"
Running,2025-04-14 06:44:24,false,"Ecatepec de Morelos Running","2.92","218","00:19:17","135","150","160","171","6:37","5:56","10","11","0.95","0.0","3,104","No","00:06:08.9","3","--","--","--","--","--","--","--","--","00:19:05","00:19:17","2,225","2,235"
Running,2025-04-12 07:01:18,false,"Ecatepec de Morelos - Series 4, 3, 2, 1","7.21","535","00:46:01","147","170","158","194","6:23","3:43","19","19","0.98","0.0","7,370","No","00:00:01.3","15","--","--","--","--","--","--","--","--","00:45:01","00:46:01","2,225","2,236"
Running,2025-04-06 17:46:21,false,"Ecatepec de Morelos - Series 4, 3, 2, 1","6.93","518","00:46:03","149","180","156","186","6:38","3:58","19","19","0.95","0.0","7,256","No","00:00:02.6","14","--","--","--","--","--","--","--","--","00:45:01","00:46:03","2,225","2,236"
Running,2025-04-02 07:24:58,false,"Ecatepec de Morelos Running","6.77","497","00:40:14","155","178","169","179","5:57","4:50","19","19","0.99","0.0","6,812","No","00:03:56.4","7","--","--","--","--","--","--","--","--","00:40:07","00:40:14","2,225","2,235"
Running,2025-03-30 08:17:29,false,"Gustavo A Madero Running","6.66","499","00:40:02","152","178","166","175","6:00","4:59","31","29","1.00","0.0","6,656","No","00:03:30.1","7","--","--","--","--","--","--","--","--","00:39:47","00:40:02","2,225","2,244"
Running,2025-03-26 07:44:33,false,"Ecatepec de Morelos Running","6.49","496","00:40:11","155","173","167","175","6:11","4:48","36","36","0.96","0.0","6,716","No","00:02:35.6","7","--","--","--","--","--","--","--","--","00:39:57","00:40:11","2,225","2,236"
Running,2025-03-23 07:50:06,false,"Ecatepec de Morelos Running","6.48","483","00:42:49","146","159","167","197","6:37","5:30","23","22","0.91","0.0","7,146","No","00:03:12.8","7","--","--","--","--","--","--","--","--","00:42:42","00:42:49","2,225","2,235"
Running,2025-03-22 13:52:34,false,"Ecatepec de Morelos Running","1.37","103","00:09:17.7","131","142","161","169","6:47","4:57","6","4","0.91","0.0","1,502","No","00:02:29.2","2","--","--","--","--","--","--","--","--","00:09:17.2","00:09:17.7","2,229","2,235"
Running,2025-03-19 07:41:43,false,"Ecatepec de Morelos Running","5.02","363","00:32:03","152","175","166","176","6:23","5:07","7","7","0.94","0.0","5,318","No","00:00:05.3","6","--","--","--","--","--","--","--","--","00:32:02","00:32:03","2,225","2,235"
Running,2025-03-12 07:45:33,false,"Ecatepec de Morelos Running","4.56","343","00:30:06","154","181","162","178","6:36","4:05","19","18","0.93","0.0","4,904","No","00:02:36.2","5","--","--","--","--","--","--","--","--","00:29:53","00:30:06","2,225","2,239"
Running,2025-03-05 07:52:19,false,"Ecatepec de Morelos Running","1.50","106","00:09:58.4","136","152","157","169","6:38","5:28","4","2","0.96","0.0","1,600","No","00:03:36.1","2","--","--","--","--","--","--","--","--","00:09:49","00:09:58.4","2,229","2,236"
Running,2025-02-26 07:31:31,false,"Ecatepec de Morelos Running","1.44","104","00:09:36.6","140","155","163","170","6:40","5:22","5","4","0.92","0.0","1,572","No","00:02:52.1","2","--","--","--","--","--","--","--","--","00:09:31","00:09:36.6","2,229","2,236"
Indoor Cycling,2024-12-25 14:24:40,false,"Indoor Cycling","0.00","226","00:30:04","119","136","--","--","--","--","--","--","--","0.0","--","No","00:30:04","1","--","--","--","--","--","--","--","--","00:00:00","00:30:04","--","--"
Indoor Cycling,2024-12-21 14:24:55,false,"Indoor Cycling","0.00","253","00:30:02","124","143","--","--","--","--","--","--","--","0.0","--","No","00:30:02","1","--","--","--","--","--","--","--","--","00:00:00","00:30:02","--","--"
Indoor Cycling,2024-12-20 18:53:30,false,"Indoor Cycling","0.00","257","00:30:03","126","146","--","--","--","--","--","--","--","0.0","--","No","00:30:03","1","--","--","--","--","--","--","--","--","00:00:00","00:30:03","--","--"
Indoor Cycling,2024-12-19 14:04:49,false,"Indoor Cycling","0.00","261","00:30:02","126","148","--","--","--","--","--","--","--","0.0","--","No","00:30:02","1","--","--","--","--","--","--","--","--","00:00:00","00:30:02","--","--"
Indoor Cycling,2024-12-17 13:19:47,false,"Indoor Cycling","0.00","235","00:30:02","121","135","--","--","--","--","--","--","--","0.0","--","No","00:30:02","1","--","--","--","--","--","--","--","--","00:00:00","00:30:02","--","--"
Indoor Cycling,2024-12-16 20:53:09,false,"Indoor Cycling","0.00","227","00:30:02","119","146","--","--","--","--","--","--","--","0.0","--","No","00:30:02","1","--","--","--","--","--","--","--","--","00:00:00","00:30:02","--","--"
Indoor Cycling,2024-12-14 13:32:15,false,"Indoor Cycling","0.00","268","00:30:03","127","153","--","--","--","--","--","--","--","0.0","--","No","00:30:03","1","--","--","--","--","--","--","--","--","00:00:00","00:30:08","--","--"
Indoor Cycling,2024-12-10 13:45:13,false,"Indoor Cycling","0.00","199","00:28:35","116","141","--","--","--","--","--","--","--","0.0","--","No","00:28:35","1","--","--","--","--","--","--","--","--","00:00:00","00:28:35","--","--"
Indoor Cycling,2024-12-02 19:48:16,false,"Indoor Cycling","0.00","213","00:30:01","116","144","--","--","--","--","--","--","--","0.0","--","No","00:30:01","1","--","--","--","--","--","--","--","--","00:00:00","00:30:01","--","--"
Indoor Cycling,2024-12-01 15:10:58,false,"Indoor Cycling","0.00","262","00:30:02","126","144","--","--","--","--","--","--","--","0.0","--","No","00:30:02","1","--","--","--","--","--","--","--","--","00:00:00","00:30:02","--","--"
Indoor Cycling,2024-11-28 13:14:49,false,"Indoor Cycling","0.00","229","00:30:03","119","149","--","--","--","--","--","--","--","0.0","--","No","00:30:03","1","--","--","--","--","--","--","--","--","00:00:00","00:30:03","--","--"
Running,2024-11-06 13:17:53,false,"Benito Juárez Running","4.80","370","00:29:09","158","177","167","176","6:04","5:27","18","9","0.99","0.0","4,878","No","00:04:31.0","5","--","--","--","--","--","--","--","--","00:29:08","00:29:09","2,240","2,250"
Running,2024-11-02 16:44:50,false,"Ecatepec de Morelos Running","1.52","107","00:10:09","130","144","162","169","6:40","6:03","4","4","0.92","0.0","1,648","No","00:03:28.3","2","--","--","--","--","--","--","--","--","00:10:03","00:10:09","2,229","2,235"
Running,2024-10-25 18:15:58,false,"Ecatepec de Morelos Running","3.15","233","00:21:17","144","157","162","168","6:45","6:12","17","16","0.92","0.0","3,432","No","00:01:03.7","4","--","--","--","--","--","--","--","--","00:21:04","00:21:17","2,229","2,241"
Running,2024-09-12 18:04:51,false,"Ecatepec de Morelos - Series a umbral","10.90","774","01:04:36","149","179","160","187","5:56","4:08","38","36","1.04","0.0","10,444","No","00:00:01.7","15","--","--","--","--","--","--","--","--","01:03:31","01:04:36","2,225","2,236"
Running,2024-08-25 06:31:56,false,"Coyoacán Running","42.85","2,999","03:47:46","163","180","174","185","5:19","4:02","442","493","1.08","0.0","39,572","No","00:04:27.3","43","--","--","--","--","--","--","--","--","03:47:36","03:47:46","2,230","2,294"
Running,2024-08-22 18:36:33,false,"Ecatepec de Morelos Running","7.13","493","00:47:44","130","143","165","180","6:42","5:52","26","24","0.91","0.0","7,874","No","00:00:49.6","8","--","--","--","--","--","--","--","--","00:47:37","00:47:44","2,225","2,241"
Running,2024-08-21 18:51:48,false,"Ecatepec de Morelos - Lluvia","7.94","569","00:49:14","142","188","146","207","6:12","3:11","29","26","1.06","0.0","7,528","No","00:01:26.8","13","--","--","--","--","--","--","--","--","00:46:56","00:49:14","2,226","2,237"
Running,2024-08-19 18:04:31,false,"Ecatepec de Morelos Running","7.16","485","00:48:18","127","139","164","176","6:45","5:38","22","20","0.90","0.0","7,928","No","00:01:08.4","8","--","--","--","--","--","--","--","--","00:47:55","00:48:38","2,225","2,241"
Running,2024-08-16 17:41:09,false,"Ecatepec de Morelos Running","18.01","1,253","01:28:08","169","189","177","183","4:54","4:33","71","71","1.15","0.0","15,600","No","00:00:01.7","19","--","--","--","--","--","--","--","--","01:27:56","01:28:08","2,224","2,242"
Running,2024-08-16 17:34:10,false,"Ecatepec de Morelos Running","1.29","90","00:08:23.8","127","137","164","170","6:31","6:02","8","6","0.94","0.0","1,380","No","00:01:48.1","2","--","--","--","--","--","--","--","--","00:08:18","00:08:23.8","2,225","2,233"
Running,2024-08-14 17:30:04,false,"Gustavo A Madero Running","5.04","330","00:39:59","112","128","161","169","7:56","6:01","21","21","0.78","0.0","6,442","No","00:00:20.5","6","--","--","--","--","--","--","--","--","00:39:57","00:39:59","2,225","2,245"
Running,2024-08-12 19:07:51,false,"Ecatepec de Morelos Running","3.27","224","00:22:46","124","134","161","168","6:58","5:28","7","8","0.89","0.0","3,672","No","00:01:56.0","4","--","--","--","--","--","--","--","--","00:22:45","00:22:46","2,225","2,236"
Running,2024-08-11 17:37:04,false,"Ecatepec de Morelos - Maratón","19.03","1,340","01:48:48","156","186","163","225","5:43","4:24","64","62","1.05","0.0","17,966","No","00:00:22.7","25","--","--","--","--","--","--","--","--","01:46:54","01:48:48","2,225","2,237"
Running,2024-08-10 17:58:13,false,"Ecatepec de Morelos Running","7.18","497","00:46:37","134","151","168","174","6:29","5:48","14","12","0.92","0.0","7,814","No","00:01:08.4","8","--","--","--","--","--","--","--","--","00:46:30","00:46:37","2,225","2,235"
Running,2024-08-08 17:07:50,false,"Ecatepec de Morelos Running","1.49","99","00:09:28.7","123","129","163","171","6:21","4:23","7","6","0.97","0.0","1,542","No","00:03:07.0","2","--","--","--","--","--","--","--","--","00:09:28.7","00:09:28.7","2,229","2,236"
Running,2024-08-07 16:32:39,false,"Ecatepec de Morelos Running","30.20","2,130","03:00:48","154","169","171","200","5:59","5:26","79","78","0.98","0.0","30,782","No","00:01:11.1","31","--","--","--","--","--","--","--","--","03:00:34","03:00:48","2,224","2,244"
Running,2024-08-06 19:12:02,false,"Ecatepec de Morelos Running","1.95","145","00:12:41","143","152","160","173","6:31","4:50","7","6","0.96","0.0","2,080","No","00:06:13.0","2","--","--","--","--","--","--","--","--","00:12:40","00:12:41","2,225","2,235"
Running,2024-08-06 17:59:12,false,"Ecatepec de Morelos Running","5.20","364","00:33:12","133","147","168","173","6:23","4:40","10","9","0.93","0.0","5,574","No","00:01:16.7","6","--","--","--","--","--","--","--","--","00:33:10","00:33:12","2,224","2,236"
Running,2024-08-05 17:54:51,false,"Ecatepec de Morelos - Maratón","16.51","1,163","01:35:55","148","172","163","182","5:49","4:13","42","41","1.05","0.0","15,854","No","00:00:02.8","20","--","--","--","--","--","--","--","--","01:33:23","01:35:55","2,225","2,248"
Running,2024-07-31 06:14:51,false,"Ecatepec de Morelos Running","28.00","2,041","02:48:14","155","174","170","177","6:00","5:02","73","74","0.98","0.0","28,474","No","00:00:00.9","29","--","--","--","--","--","--","--","--","02:47:57","02:48:14","2,224","2,236"
Running,2024-07-29 18:06:18,false,"Ecatepec de Morelos Running","7.12","504","00:46:20","129","145","165","243","6:30","5:33","34","32","0.93","0.0","7,616","No","00:00:44.5","8","--","--","--","--","--","--","--","--","00:46:18","00:46:20","2,225","2,236"
Running,2024-07-28 09:37:00,false,"Gustavo A Madero Running","5.21","363","00:31:31","134","159","168","194","6:03","3:31","37","36","0.98","0.0","5,272","No","00:00:47.1","6","--","--","--","--","--","--","--","--","00:31:30","00:31:31","2,226","2,245"
Running,2024-07-26 18:22:12,false,"Ecatepec de Morelos Running","18.08","1,263","01:48:30","143","157","169","175","6:00","5:30","31","30","0.99","0.0","18,264","No","00:00:29.2","19","--","--","--","--","--","--","--","--","01:48:25","01:48:30","2,224","2,241"
Running,2024-07-24 09:12:20,false,"Tacámbaro Running","5.00","347","00:36:01","123","149","161","173","7:12","5:31","53","52","0.86","0.0","5,782","No","00:06:54.0","5","--","--","--","--","--","--","--","--","00:35:56","00:36:01","2,255","2,285"
Running,2024-07-22 07:30:44,false,"Zihuatanejo de Azueta Running","6.53","461","00:47:10","125","155","162","172","7:13","4:58","47","47","0.86","0.0","7,602","No","00:02:45.1","7","--","--","--","--","--","--","--","--","00:47:07","00:47:19","--","17"
Running,2024-07-21 19:18:33,false,"Zihuatanejo de Azueta Running","5.01","362","00:32:44","134","149","163","172","6:32","5:18","13","11","0.94","0.0","5,330","No","00:00:03.2","6","--","--","--","--","--","--","--","--","00:32:20","00:32:44","6","15"
Running,2024-07-20 18:28:16,false,"Zihuatanejo de Azueta - Zihua","11.50","842","01:21:04","150","198","135","202","7:03","2:51","6","10","1.01","0.0","11,330","No","00:00:20.0","18","--","--","--","--","--","--","--","--","01:16:01","01:21:04","5","17"
Running,2024-07-19 10:00:02,false,"Tacámbaro Running","2.00","125","00:09:36.8","152","166","160","215","4:49","1:34","8","10","1.30","0.0","1,604","No","00:04:35.8","2","--","--","--","--","--","--","--","--","00:09:36.0","00:09:36.8","2,255","2,263"
Running,2024-07-19 09:05:23,false,"Tacámbaro Running","1.32","89","00:10:06","116","125","160","165","7:40","6:26","24","26","0.82","0.0","1,612","No","00:02:30.8","2","--","--","--","--","--","--","--","--","00:10:02","00:10:06","2,255","2,264"
Running,2024-07-18 09:31:22,false,"Tacámbaro Running","1.38","93","00:10:08","115","125","160","165","7:22","6:12","7","11","0.85","0.0","1,618","No","00:02:43.3","2","--","--","--","--","--","--","--","--","00:10:03","00:10:08","2,255","2,264"
Running,2024-07-16 19:08:54,false,"Ecatepec de Morelos - Recovery","4.78","331","00:30:02","126","133","167","173","6:17","4:12","21","13","0.95","0.0","5,002","No","00:00:01.6","6","--","--","--","--","--","--","--","--","00:29:46","00:30:02","2,225","2,238"
Running,2024-07-15 19:14:22,false,"Ecatepec de Morelos Running","4.45","311","00:30:02","121","129","163","169","6:45","5:57","25","24","0.91","0.0","4,894","No","00:03:03.8","5","--","--","--","--","--","--","--","--","00:30:01","00:30:02","2,225","2,242"
Running,2024-07-14 06:19:35,false,"Cuauhtémoc Running","21.29","1,473","01:40:18","167","181","178","194","4:43","3:12","239","224","1.19","0.0","17,784","No","00:00:59.8","22","--","--","--","--","--","--","--","--","01:40:13","01:40:18","2,233","2,336"
Running,2024-07-10 15:15:42,false,"Ecatepec de Morelos Running","9.14","610","00:41:47","163","181","178","188","4:34","3:50","26","26","1.23","0.0","7,438","No","00:00:31.2","10","--","--","--","--","--","--","--","--","00:41:39","00:41:47","2,224","2,240"
Running,2024-07-10 15:05:39,false,"Ecatepec de Morelos Running","1.49","105","00:10:04","123","136","163","169","6:45","6:03","2","3","0.91","0.0","1,648","No","00:03:28.1","2","--","--","--","--","--","--","--","--","00:09:56.1","00:10:04","2,226","2,232"
Running,2024-07-08 18:57:44,false,"Ecatepec de Morelos Running","1.70","123","00:11:33","137","141","166","171","6:49","6:33","7","6","0.88","0.0","1,916","No","00:04:46.4","2","--","--","--","--","--","--","--","--","00:11:32","00:11:33","2,225","2,235"
Running,2024-07-08 18:04:25,false,"Ecatepec de Morelos Running","8.01","536","00:36:35","169","180","180","188","4:34","4:11","11","9","1.21","0.0","6,592","No","00:00:00.5","9","--","--","--","--","--","--","--","--","00:36:29","00:36:35","2,224","2,236"
Running,2024-07-08 17:54:53,false,"Ecatepec de Morelos Running","1.47","107","00:10:04","127","140","162","173","6:50","5:50","--","--","0.90","0.0","1,642","No","00:03:27.9","2","--","--","--","--","--","--","--","--","00:10:03","00:10:04","2,225","2,233"
Running,2024-07-07 09:03:05,false,"Gustavo A Madero Running","1.01","52","00:03:48.2","148","175","177","195","3:47","3:23","7","4","1.49","0.0","684","No","00:00:01.3","2","--","--","--","--","--","--","--","--","00:03:40","00:08:19.1","2,230","2,239"
Running,2024-07-07 08:38:38,false,"Gustavo A Madero Running","4.46","301","00:20:33","169","192","179","190","4:37","4:02","42","37","1.21","0.0","3,676","No","00:02:10.4","5","--","--","--","--","--","--","--","--","00:20:15","00:20:33","2,225","2,245"
Running,2024-07-05 17:57:20,false,"Ecatepec de Morelos - Dos series a umbral","12.84","891","01:12:17","155","184","163","190","5:38","3:58","43","42","1.09","0.0","11,930","No","00:00:05.0","17","--","--","--","--","--","--","--","--","01:11:20","01:12:17","2,225","2,236"
Running,2024-07-03 06:11:48,false,"Ecatepec de Morelos Running","27.04","1,883","02:41:39","150","162","169","174","5:59","4:50","66","64","0.99","0.0","27,298","No","00:00:14.7","28","--","--","--","--","--","--","--","--","02:41:31","02:41:39","2,224","2,247"
Running,2024-07-02 17:55:51,false,"Ecatepec de Morelos Running","4.63","339","00:30:02","138","147","165","170","6:29","6:01","25","24","0.94","0.0","4,950","No","00:04:08.4","5","--","--","--","--","--","--","--","--","00:30:00","00:30:02","2,229","2,242"
Running,2024-07-01 17:57:10,false,"Ecatepec de Morelos Running","4.63","323","00:30:01","126","138","164","170","6:29","5:23","21","21","0.94","0.0","4,936","No","00:04:06.0","5","--","--","--","--","--","--","--","--","00:30:00","00:30:01","2,229","2,241"
Running,2024-06-30 08:34:40,false,"Ecatepec de Morelos Running","16.01","1,118","01:34:32","146","167","170","183","5:54","3:50","47","47","1.00","0.0","15,998","No","00:00:00.9","17","--","--","--","--","--","--","--","--","01:34:23","01:34:32","2,224","2,236"
Running,2024-06-28 15:06:17,false,"Ecatepec de Morelos Running","1.01","58","00:03:52.1","147","166","177","193","3:50","3:36","--","1","1.47","0.0","688","No","00:00:01.8","2","--","--","--","--","--","--","--","--","00:03:46.8","00:03:52.1","2,227","2,232"
Running,2024-06-28 14:59:29,false,"Ecatepec de Morelos Running","0.30","17","00:01:10.9","156","172","178","189","3:54","3:41","--","--","1.44","0.0","208","No","00:01:10.9","1","--","--","--","--","--","--","--","--","00:01:10.9","00:01:10.9","2,225","2,235"
Running,2024-06-28 14:52:54,false,"Nezahualcóyotl Running","1.25","80","00:05:07.6","165","177","179","190","4:07","3:47","--","--","1.36","0.0","912","No","00:01:02.9","2","--","--","--","--","--","--","--","--","00:05:05.9","00:05:07.6","2,225","2,234"
Running,2024-06-28 14:28:35,false,"Ecatepec de Morelos Running","3.18","205","00:14:18","167","176","177","186","4:30","4:19","13","16","1.26","0.0","2,528","No","00:00:49.2","4","--","--","--","--","--","--","--","--","00:14:03","00:14:18","2,225","2,235"
Running,2024-06-28 14:19:19,false,"Ecatepec de Morelos - Series de un kilómetro","0.75","49","00:04:45.9","131","143","163","169","6:20","5:35","--","--","0.97","0.0","778","No","00:04:45.9","1","--","--","--","--","--","--","--","--","00:04:45.9","00:04:45.9","2,229","2,233"
Running,2024-06-26 06:29:32,false,"Ecatepec de Morelos Running","26.01","1,748","02:35:43","146","157","171","179","5:59","5:28","73","72","0.98","0.0","26,526","No","00:00:01.6","27","--","--","--","--","--","--","--","--","02:35:30","02:35:43","2,224","2,240"
Running,2024-06-23 07:33:04,false,"Gustavo A Madero Running","5.28","331","00:22:37","178","198","175","196","4:17","3:45","32","32","1.33","0.0","3,986","No","00:01:27.9","6","--","--","--","--","--","--","--","--","00:22:23","00:22:37","2,225","2,245"
Running,2024-06-22 10:00:42,false,"Ecatepec de Morelos Running","2.88","204","00:20:18","136","153","164","171","7:03","6:31","22","22","0.86","0.0","3,334","No","00:06:02.7","3","--","--","--","--","--","--","--","--","00:20:12","00:20:18","2,229","2,239"
Running,2024-06-21 17:56:07,false,"Ecatepec de Morelos Running","4.00","280","00:25:23","136","150","166","173","6:20","5:08","25","24","0.95","0.0","4,214","No","00:00:00.8","5","--","--","--","--","--","--","--","--","00:25:23","00:25:23","2,229","2,242"
Running,2024-06-20 17:42:05,false,"Ecatepec de Morelos Running","4.06","291","00:26:08","138","155","167","173","6:26","5:39","34","32","0.93","0.0","4,338","No","00:00:23.5","5","--","--","--","--","--","--","--","--","00:26:06","00:26:08","2,229","2,241"
Running,2024-06-19 06:16:57,false,"Ecatepec de Morelos Running","25.00","1,776","02:30:04","154","168","169","202","6:00","4:51","83","81","0.98","0.0","25,348","No","00:00:01.2","26","--","--","--","--","--","--","--","--","02:29:53","02:30:04","2,224","2,236"
Running,2024-06-18 09:51:47,false,"Ecatepec de Morelos Running","4.01","290","00:26:30","138","148","164","169","6:37","4:30","30","30","0.92","0.0","4,346","No","00:00:01.8","5","--","--","--","--","--","--","--","--","00:26:29","00:26:30","2,229","2,241"
Running,2024-06-17 09:02:43,false,"Ecatepec de Morelos Running","4.02","293","00:26:32","134","146","164","173","6:36","5:45","18","17","0.92","0.0","4,348","No","00:00:07.3","5","--","--","--","--","--","--","--","--","00:26:30","00:26:32","2,229","2,242"
Running,2024-06-16 12:42:28,false,"Ecatepec de Morelos - Series de un kilómetro","10.15","817","01:03:23","160","201","152","203","6:15","3:34","24","24","1.01","0.0","9,868","No","00:00:05.5","18","--","--","--","--","--","--","--","--","00:59:25","01:03:23","2,225","2,236"
Running,2024-06-14 18:36:29,false,"Ecatepec de Morelos Running","14.01","1,031","01:24:20","149","168","168","196","6:01","4:58","40","40","0.99","0.0","14,162","No","00:00:02.2","15","--","--","--","--","--","--","--","--","01:24:17","01:24:20","2,224","2,236"
Running,2024-06-13 09:57:09,false,"Ecatepec de Morelos Running","4.00","305","00:25:49","140","150","166","173","6:27","5:34","16","15","0.93","0.0","4,270","No","00:06:23.2","4","--","--","--","--","--","--","--","--","00:25:48","00:25:49","2,225","2,235"
Running,2024-06-12 06:08:10,false,"Ecatepec de Morelos Running","24.04","1,769","02:23:05","157","184","170","176","5:57","4:27","68","68","0.99","0.0","24,308","No","00:00:10.1","25","--","--","--","--","--","--","--","--","02:23:00","02:23:05","2,224","2,236"
Running,2024-06-11 18:24:09,false,"Ecatepec de Morelos Running","4.01","293","00:26:44","132","140","163","169","6:40","5:41","24","24","0.92","0.0","4,348","No","00:00:02.3","5","--","--","--","--","--","--","--","--","00:26:28","00:26:44","2,229","2,242"
Running,2024-06-10 17:45:08,false,"Ecatepec de Morelos Running","4.01","295","00:26:15","136","145","162","170","6:33","5:48","16","16","0.94","0.0","4,264","No","00:00:01.1","5","--","--","--","--","--","--","--","--","00:26:09","00:26:15","2,229","2,241"
Running,2024-06-09 06:21:50,false,"Ecatepec de Morelos Running","23.02","1,669","02:17:15","152","173","168","210","5:58","2:26","84","85","1.00","0.0","23,054","No","00:00:03.0","24","--","--","--","--","--","--","--","--","02:17:02","02:17:15","2,224","2,236"
Running,2024-06-08 10:10:55,false,"Ecatepec de Morelos Running","4.18","332","00:27:12","145","154","164","170","6:30","5:51","29","27","0.94","0.0","4,454","No","00:01:12.1","5","--","--","--","--","--","--","--","--","00:27:06","00:27:12","2,221","2,242"
Running,2024-06-07 18:05:35,false,"Ecatepec de Morelos Running","4.16","309","00:26:46","137","145","164","171","6:26","5:05","13","11","0.95","0.0","4,402","No","00:01:05.5","5","--","--","--","--","--","--","--","--","00:26:26","00:26:46","2,225","2,236"
Running,2024-06-05 06:06:20,false,"Ecatepec de Morelos Running","22.02","1,606","02:09:45","152","183","169","188","5:54","3:46","85","85","1.00","0.0","21,940","No","00:00:02.9","23","--","--","--","--","--","--","--","--","02:09:39","02:09:45","2,224","2,236"
Running,2024-06-02 08:00:23,false,"Gustavo A Madero Running","12.01","911","01:10:41","157","188","167","189","5:53","3:35","77","72","1.02","0.0","11,802","No","00:00:01.3","13","--","--","--","--","--","--","--","--","01:10:33","01:10:41","2,226","2,244"
Running,2024-05-30 17:40:25,false,"Ecatepec de Morelos Running","11.00","816","01:06:17","148","159","168","175","6:01","4:24","38","39","0.99","0.0","11,112","No","00:00:01.4","12","--","--","--","--","--","--","--","--","01:05:59","01:06:17","2,222","2,236"
Running,2024-05-27 17:23:32,false,"Ecatepec de Morelos Running","2.00","146","00:11:48","138","147","164","170","5:55","5:05","4","3","1.03","0.0","1,946","No","00:05:49.7","2","--","--","--","--","--","--","--","--","00:11:40","00:11:48","2,225","2,235"
Running,2024-05-22 06:25:09,false,"Ecatepec de Morelos Running","4.12","321","00:27:17","144","152","166","170","6:37","5:54","19","21","0.91","0.0","4,518","No","00:00:47.2","5","--","--","--","--","--","--","--","--","00:27:10","00:27:17","2,225","2,236"
Running,2024-05-21 18:10:06,false,"Ecatepec de Morelos Running","4.52","328","00:30:02","135","144","164","171","6:39","4:19","28","28","0.92","0.0","4,918","No","00:03:45.2","5","--","--","--","--","--","--","--","--","00:30:00","00:30:02","2,225","2,241"
Running,2024-05-21 09:56:56,false,"Ecatepec de Morelos Running","1.48","112","00:09:30.3","136","146","163","170","6:27","4:26","6","4","0.95","0.0","1,554","No","00:03:01.1","2","--","--","--","--","--","--","--","--","00:09:29","00:09:30.3","2,229","2,236"
Running,2024-05-20 18:06:11,false,"Ecatepec de Morelos Running","4.56","350","00:30:07","142","151","164","170","6:37","5:47","28","28","0.92","0.0","4,922","No","00:03:36.7","5","--","--","--","--","--","--","--","--","00:30:02","00:30:07","2,225","2,241"
Running,2024-05-19 06:33:12,false,"Ecatepec de Morelos Running","5.00","380","00:35:46","146","161","165","171","7:09","5:29","13","14","0.85","0.0","5,896","No","00:00:02.4","6","--","--","--","--","--","--","--","--","00:35:45","00:35:46","2,225","2,236"
Running,2024-05-18 18:42:44,false,"Ecatepec de Morelos - Series de un kilómetro","10.50","800","01:03:44","157","186","153","184","6:04","3:57","14","14","1.05","0.0","9,960","No","00:00:06.2","18","--","--","--","--","--","--","--","--","01:02:14","01:03:45","2,225","2,235"
Running,2024-05-17 18:10:07,false,"Ecatepec de Morelos - Recovery","4.60","357","00:30:09","143","156","162","169","6:33","5:30","22","22","0.94","0.0","4,890","No","00:04:09.1","5","--","--","--","--","--","--","--","--","00:30:08","00:30:09","2,229","2,241"
Running,2024-05-16 18:03:30,false,"Ecatepec de Morelos - Recovery","4.60","342","00:30:12","138","146","165","171","6:34","5:18","14","9","0.92","0.0","4,968","No","00:04:11.6","5","--","--","--","--","--","--","--","--","00:30:08","00:30:12","2,226","2,238"
Running,2024-05-16 10:01:34,false,"Ecatepec de Morelos Running","1.43","100","00:09:22.0","129","140","161","169","6:33","5:28","5","6","0.95","0.0","1,516","No","00:02:47.8","2","--","--","--","--","--","--","--","--","00:09:21.8","00:09:22.0","2,229","2,236"
Running,2024-05-15 06:22:30,false,"Ecatepec de Morelos Running","21.02","1,552","02:21:38","148","173","164","178","6:44","3:53","64","65","0.89","0.0","23,456","No","00:00:03.4","22","--","--","--","--","--","--","--","--","02:21:29","02:21:38","2,224","2,236"
Running,2024-05-14 09:57:19,false,"Ecatepec de Morelos Running","1.42","107","00:08:22.9","140","151","165","173","5:55","5:05","6","4","1.02","0.0","1,390","No","00:02:37.6","2","--","--","--","--","--","--","--","--","00:08:22.6","00:08:22.9","2,229","2,236"
Running,2024-05-12 06:17:32,false,"Ecatepec de Morelos Running","0.45","30","00:02:46.0","132","145","161","171","6:10","5:34","--","--","1.01","0.0","446","No","00:02:46.0","1","--","--","--","--","--","--","--","--","00:02:44","00:02:46.0","2,229","2,232"
Running,2024-05-05 07:09:02,false,"Miguel Hidalgo Running","11.84","826","00:53:25","175","193","179","186","4:31","3:32","109","109","1.24","0.0","9,524","No","00:03:27.6","12","--","--","--","--","--","--","--","--","00:53:21","00:53:25","2,235","2,283"
Running,2024-05-01 06:35:46,false,"Ecatepec de Morelos Running","20.00","1,392","02:00:04","143","154","169","174","6:00","5:32","66","66","0.98","0.0","20,272","No","00:05:51.8","20","--","--","--","--","--","--","--","--","01:59:59","02:00:04","2,224","2,236"
Breathwork,2024-04-28 08:36:39,false,"Relax and Focus","--","--","00:05:34","94","102","--","--","--","--","--","--","--","0.0","--","No","00:00:04","77","4","4","4","3","87","90","87","91","00:00:00","00:05:34","--","--"
Running,2024-04-28 08:09:22,false,"Gustavo A Madero Running","2.69","176","00:11:04","174","186","183","190","4:07","3:39","13","4","1.33","0.0","2,008","No","00:02:54.1","3","--","--","--","--","--","--","--","--","00:11:00","00:11:04","2,225","2,245"
Running,2024-04-27 09:45:44,false,"Gustavo A Madero Running","10.15","757","01:04:11","145","158","168","176","6:20","5:37","59","54","0.94","0.0","10,792","No","00:00:59.7","11","--","--","--","--","--","--","--","--","01:04:03","01:04:11","2,225","2,245"
Running,2024-04-26 09:58:45,false,"Ecatepec de Morelos Running","1.48","106","00:08:47.2","129","137","165","173","5:57","4:44","5","4","1.02","0.0","1,454","No","00:03:02.0","2","--","--","--","--","--","--","--","--","00:08:42","00:08:47.2","2,229","2,236"
Running,2024-04-25 18:15:35,false,"Ecatepec de Morelos Running","4.00","285","00:23:04","138","150","169","175","5:46","5:14","24","23","1.03","0.0","3,896","No","00:05:43.0","4","--","--","--","--","--","--","--","--","00:23:04","00:23:04","2,224","2,236"
Running,2024-04-25 09:56:22,false,"Ecatepec de Morelos Running","1.42","100","00:08:49.2","127","139","163","171","6:14","5:31","6","5","0.99","0.0","1,446","No","00:02:35.2","2","--","--","--","--","--","--","--","--","00:08:48","00:08:49.2","2,229","2,235"
Running,2024-04-23 17:44:57,false,"Ecatepec de Morelos Running","17.17","1,213","01:46:27","140","152","167","173","6:12","5:24","40","39","0.96","0.0","17,760","No","00:01:03.1","18","--","--","--","--","--","--","--","--","01:46:17","01:46:27","2,224","2,246"
Breathwork,2024-04-21 14:38:49,false,"Relax and Focus","--","--","00:05:34","87","97","--","--","--","--","--","--","--","0.0","--","No","00:00:04","77","4","4","4","35","39","74","78","91","00:00:00","00:05:34","--","--"
Running,2024-04-21 07:03:26,false,"Miguel Hidalgo Running","4.35","288","00:17:37","172","186","178","190","4:03","3:14","37","47","1.39","0.0","3,138","No","00:01:30.5","5","--","--","--","--","--","--","--","--","00:17:36","00:17:37","2,238","2,280"
Running,2024-04-21 07:03:03,false,"Cuauhtémoc Running","1.06","32","00:02:31.0","135","156","182","185","2:23","3:58","275","268","2.31","0.0","452","No","00:00:13.0","2","--","--","--","--","--","--","--","--","00:02:29.9","00:02:31.0","2,239","2,377"
Running,2024-04-19 09:15:37,false,"Ecatepec de Morelos Running","4.19","300","00:25:16","146","160","165","171","6:02","2:57","18","16","1.00","0.0","4,170","No","00:01:15.3","5","--","--","--","--","--","--","--","--","00:25:15","00:25:20","2,225","2,235"
Running,2024-04-16 18:13:56,false,"Ecatepec de Morelos - Threshold","11.23","820","00:59:08","163","183","172","190","5:16","4:06","37","36","1.10","0.0","10,134","No","00:00:08.4","14","--","--","--","--","--","--","--","--","00:58:52","00:59:08","2,224","2,236"
Running,2024-04-16 09:55:24,false,"Ecatepec de Morelos Running","1.44","103","00:09:26.8","126","137","161","167","6:34","5:22","5","4","0.94","0.0","1,524","No","00:02:43.4","2","--","--","--","--","--","--","--","--","00:09:26.4","00:09:26.8","2,229","2,236"
Running,2024-04-12 18:18:41,false,"Ecatepec de Morelos - Base","6.88","493","00:39:02","146","157","168","172","5:40","5:09","27","28","1.05","0.0","6,552","No","00:00:02.0","8","--","--","--","--","--","--","--","--","00:38:57","00:39:02","2,225","2,236"
Walking,2024-04-11 18:51:56,false,"Ecatepec de Morelos Walking","1.36","101","00:14:50","116","151","114","168","10:56","7:38","2","0","0.80","0.0","1,710","No","00:03:47.0","2","--","--","--","--","--","--","--","--","00:14:50","00:14:50","2,225","2,233"
Running,2024-04-11 18:38:41,false,"Ecatepec de Morelos Running","2.17","170","00:15:26","146","161","163","169","7:07","6:30","6","3","0.86","0.0","2,518","No","00:01:16.3","3","--","--","--","--","--","--","--","--","00:15:25","00:15:26","2,226","2,235"
Running,2024-04-11 17:46:39,false,"Ecatepec de Morelos Running","3.64","261","00:24:53","130","148","163","169","6:51","6:11","10","10","0.90","0.0","4,038","No","00:04:19.8","4","--","--","--","--","--","--","--","--","00:24:50","00:24:53","2,225","2,234"
Running,2024-04-09 18:20:12,false,"Ecatepec de Morelos - Series de un kilómetro","10.17","749","01:02:51","150","198","151","200","6:11","3:27","15","15","1.03","0.0","9,728","No","00:00:06.3","18","--","--","--","--","--","--","--","--","01:00:36","01:02:51","2,225","2,235"
Breathwork,2024-04-07 10:03:59,false,"Relax and Focus","--","--","00:05:37.9","95","120","--","--","--","--","--","--","--","0.0","--","No","00:00:01.3","79","4","4","16","7","91","98","87","98","00:00:00","00:05:42.8","--","--"
Walking,2024-04-07 09:37:41,false,"Gustavo A Madero Walking","0.58","58","00:05:01.8","150","163","127","170","8:38","5:16","--","7","0.92","0.0","682","No","00:05:01.8","1","--","--","--","--","--","--","--","--","00:04:49","00:05:03.6","2,229","2,238"
Running,2024-04-07 09:36:03,false,"Gustavo A Madero Running","0.20","10","00:00:44.5","162","183","173","200","3:44","3:13","--","--","1.55","0.0","134","No","00:00:44.5","1","--","--","--","--","--","--","--","--","00:00:39","00:00:44.5","2,234","2,238"
Running,2024-04-07 09:18:40,false,"Gustavo A Madero Running","4.01","262","00:16:27","177","187","179","192","4:06","3:42","26","22","1.36","0.0","2,932","No","00:00:01.1","5","--","--","--","--","--","--","--","--","00:16:22","00:16:27","2,225","2,245"
Running,2024-04-06 10:34:37,false,"Ecatepec de Morelos - Recovery","3.71","283","00:24:12","152","174","164","174","6:31","4:15","20","13","0.94","0.0","3,972","No","00:00:12.0","5","--","--","--","--","--","--","--","--","00:24:11","00:24:12","2,225","2,236"
Running,2024-04-05 10:02:21,false,"Ecatepec de Morelos Running","1.38","98","00:09:02.9","135","151","161","168","6:35","5:48","5","3","0.95","0.0","1,462","No","00:02:20.5","2","--","--","--","--","--","--","--","--","00:09:02.5","00:09:02.9","2,229","2,235"
Running,2024-04-04 10:07:28,false,"Ecatepec de Morelos Running","1.48","96","00:10:20","115","133","127","170","6:59","5:38","--","--","1.14","0.0","1,352","No","00:02:59.9","2","--","--","--","--","--","--","--","--","00:09:12.9","00:10:20","2,228","2,233"
Running,2024-04-03 06:21:34,false,"Ecatepec de Morelos Running","17.61","1,232","01:57:55","130","145","166","186","6:42","5:37","46","45","0.90","0.0","19,554","No","00:04:05.6","18","--","--","--","--","--","--","--","--","01:57:47","01:57:55","2,224","2,236"
Walking,2024-04-02 19:10:58,false,"Ecatepec de Morelos Walking","1.48","98","00:18:13","99","112","98","161","12:20","7:48","1","4","0.83","0.0","1,964","No","00:05:58.9","2","--","--","--","--","--","--","--","--","00:16:12","00:18:13","2,227","2,234"
Walking,2024-04-02 18:40:19,false,"Ecatepec de Morelos Walking","1.57","101","00:19:19","96","109","106","128","12:16","10:38","6","1","0.77","0.0","2,102","No","00:06:59.7","2","--","--","--","--","--","--","--","--","00:19:04","00:19:19","2,227","2,234"
Breathwork,2024-04-02 16:37:32,false,"Relax and Focus","--","--","00:05:34","66","75","--","--","--","--","--","--","--","0.0","--","No","00:00:04","77","4","4","4","-13","52","39","33","55","00:00:00","00:05:34","--","--"
Walking,2024-04-01 17:52:22,false,"Ecatepec de Morelos Walking","2.22","150","00:26:25","95","104","104","162","11:54","6:41","11","12","0.81","0.0","2,832","No","00:02:26.2","3","--","--","--","--","--","--","--","--","00:25:16","00:26:25","2,225","2,235"
Running,2024-03-31 09:16:33,false,"Ecatepec de Morelos Running","1.52","110","00:09:48.0","128","141","161","212","6:27","4:09","5","4","0.97","0.0","1,592","No","00:03:29.3","2","--","--","--","--","--","--","--","--","00:09:46","00:09:48.0","2,229","2,236"
Walking,2024-03-30 19:32:05,false,"Ecatepec de Morelos Walking","0.99","71","00:12:12","101","108","100","124","12:16","10:49","4","3","0.81","0.0","1,272","No","00:12:12","1","--","--","--","--","--","--","--","--","00:11:22","00:12:12","2,225","2,233"
Walking,2024-03-30 19:19:52,false,"Ecatepec de Morelos Walking","0.33","23","00:04:46.0","103","113","101","133","14:24","10:46","--","--","0.69","0.0","516","No","00:04:46.0","1","--","--","--","--","--","--","--","--","00:04:45","00:04:46.0","2,229","2,232"
Running,2024-03-30 17:30:20,false,"Ecatepec de Morelos Running","16.00","1,112","01:48:18","133","147","165","171","6:46","5:13","56","56","0.90","0.0","17,806","No","00:00:00.6","17","--","--","--","--","--","--","--","--","01:48:00","01:48:18","2,224","2,236"
Walking,2024-03-28 19:42:41,false,"Ecatepec de Morelos Walking","0.80","60","00:09:24.2","113","120","104","121","11:49","9:36","0","--","0.82","0.0","994","No","00:09:24.2","1","--","--","--","--","--","--","--","--","00:08:51","00:09:24.2","2,229","2,233"
Running,2024-03-28 19:31:04,false,"Ecatepec de Morelos Running","1.01","54","00:03:45.6","151","166","184","194","3:43","3:34","--","2","1.46","0.0","694","No","00:00:02.1","2","--","--","--","--","--","--","--","--","00:03:41","00:03:45.6","2,227","2,232"
Running,2024-03-28 19:08:19,false,"Ecatepec de Morelos Running","3.14","233","00:21:02","140","152","161","169","6:42","2:25","6","6","0.93","0.0","3,404","No","00:00:56.8","4","--","--","--","--","--","--","--","--","00:20:59","00:21:02","2,224","2,234"
Running,2024-03-27 06:45:05,false,"Ecatepec de Morelos Running","15.01","1,058","01:29:56","143","161","168","175","6:00","4:40","26","25","0.99","0.0","15,166","No","00:00:01.7","16","--","--","--","--","--","--","--","--","01:29:52","01:29:56","2,224","2,236"
Running,2024-03-25 10:06:48,false,"Ecatepec de Morelos - HR MAX","6.13","441","00:38:12","142","184","157","191","6:14","3:33","6","9","1.01","0.0","6,094","No","00:00:08.5","8","--","--","--","--","--","--","--","--","00:37:43","00:38:12","2,225","2,235"
Running,2024-03-24 13:58:24,false,"Ecatepec de Morelos Running","1.43","106","00:08:23.6","139","155","163","169","5:53","5:05","5","4","1.04","0.0","1,372","No","00:02:32.6","2","--","--","--","--","--","--","--","--","00:08:23.0","00:08:23.6","2,229","2,235"
Running,2024-03-23 10:06:49,false,"Ecatepec de Morelos Running","3.20","223","00:20:12","129","139","162","171","6:19","5:03","10","10","0.98","0.0","3,308","No","00:01:15.4","4","--","--","--","--","--","--","--","--","00:20:03","00:20:12","2,223","2,235"
Running,2024-03-22 10:00:17,false,"Ecatepec de Morelos - Recovery","3.22","223","00:20:51","132","152","164","170","6:28","1:51","12","11","0.94","0.0","3,424","No","00:01:32.5","4","--","--","--","--","--","--","--","--","00:20:50","00:20:51","2,224","2,235"
Running,2024-03-16 07:13:15,false,"Miguel Hidalgo Running","4.82","307","00:20:42","173","199","179","202","4:18","2:54","55","56","1.30","0.0","3,708","No","00:06:14.9","3","--","--","--","--","--","--","--","--","00:20:40","00:20:42","2,265","2,319"
